<?xml version="1.0" encoding="UTF-8" standalone="yes"?>
<addon id="repository.lysyi" name="lysyi add-ons" version="1.0.0" provider-name="lysyi">	
	<extension point="xbmc.addon.repository" name="lysyi add-ons">
		<info compressed="false">https://github.com/amateurcpp/lysyirepo/raw/master/addons.xml</info>
		<checksum>https://github.com/amateurcpp/lysyirepo/raw/master/addons.xml.md5</checksum>
		<datadir zip="true">https://github.com/amateurcpp/lysyirepo/raw/master/</datadir>
	</extension>
	<extension point="xbmc.addon.metadata">
		<summary>Install Add-ons from lysyi Add-on Repository</summary>
		<description>Plug-ins for KODI</description>
		<disclaimer>There are git my add-ons for KODI</disclaimer>
		<platform>all</platform>
	</extension>
</addon>
